<?xml version="1.0" encoding="UTF-8" ?>
<!DOCTYPE mapper PUBLIC "-//mybatis.org//DTD Mapper 3.0//EN" "http://mybatis.org/dtd/mybatis-3-mapper.dtd" >
<mapper namespace="com.example.yin.dao.SingerMapper" >
  <resultMap id="BaseResultMap" type="com.example.yin.domain.Singer" >
    <!--
      WARNING - @mbggenerated
      This element is automatically generated by MyBatis Generator, do not modify.
    -->
    <id column="id" property="id" jdbcType="INTEGER" />
    <result column="name" property="name" jdbcType="VARCHAR" />
    <result column="sex" property="sex" jdbcType="TINYINT" />
    <result column="pic" property="pic" jdbcType="VARCHAR" />
    <result column="birth" property="birth" jdbcType="TIMESTAMP" />
    <result column="location" property="location" jdbcType="VARCHAR" />
    <result column="introduction" property="introduction" jdbcType="VARCHAR" />
  </resultMap>
  <sql id="Base_Column_List" >
    <!--
      WARNING - @mbggenerated
      This element is automatically generated by MyBatis Generator, do not modify.
    -->
    id, name, sex, pic, birth, location, introduction
  </sql>
  <select id="selectByPrimaryKey" resultMap="BaseResultMap" parameterType="java.lang.Integer" >
    <!--
      WARNING - @mbggenerated
      This element is automatically generated by MyBatis Generator, do not modify.
    -->
    select
    <include refid="Base_Column_List" />
    from singer
    where id = #{id,jdbcType=INTEGER}
  </select>
  <select id="allSinger" resultMap="BaseResultMap">
    select
    <include refid="Base_Column_List" />
    from singer
  </select>
  <select id="singerOfName" resultMap="BaseResultMap" parameterType="java.lang.String">
    select *
    from singer
    where name like #{name, jdbcType=VARCHAR}
  </select>
  <select id="singerOfSex" resultMap="BaseResultMap" parameterType="java.lang.Integer">
    select *
    from singer
    where sex = #{sex, jdbcType=INTEGER}
  </select>
  <delete id="deleteSinger" parameterType="java.lang.Integer" >
    <!--
      WARNING - @mbggenerated
      This element is automatically generated by MyBatis Generator, do not modify.
    -->
    delete from singer
    where id = #{id,jdbcType=INTEGER}
  </delete>
  <insert id="insert" parameterType="com.example.yin.domain.Singer" >
    <!--
      WARNING - @mbggenerated
      This element is automatically generated by MyBatis Generator, do not modify.
    -->
    insert into singer (id, name, sex,
      pic, birth, location,
      introduction)
    values (#{id,jdbcType=INTEGER}, #{name,jdbcType=VARCHAR}, #{sex,jdbcType=TINYINT},
      #{pic,jdbcType=VARCHAR}, #{birth,jdbcType=TIMESTAMP}, #{location,jdbcType=VARCHAR},
      #{introduction,jdbcType=VARCHAR})
  </insert>
  <insert id="insertSelective" parameterType="com.example.yin.domain.Singer" >
    <!--
      WARNING - @mbggenerated
      This element is automatically generated by MyBatis Generator, do not modify.
    -->
    insert into singer
    <trim prefix="(" suffix=")" suffixOverrides="," >
      <if test="id != null" >
        id,
      </if>
      <if test="name != null" >
        name,
      </if>
      <if test="sex != null" >
        sex,
      </if>
      <if test="pic != null" >
        pic,
      </if>
      <if test="birth != null" >
        birth,
      </if>
      <if test="location != null" >
        location,
      </if>
      <if test="introduction != null" >
        introduction,
      </if>
    </trim>
    <trim prefix="values (" suffix=")" suffixOverrides="," >
      <if test="id != null" >
        #{id,jdbcType=INTEGER},
      </if>
      <if test="name != null" >
        #{name,jdbcType=VARCHAR},
      </if>
      <if test="sex != null" >
        #{sex,jdbcType=TINYINT},
      </if>
      <if test="pic != null" >
        #{pic,jdbcType=VARCHAR},
      </if>
      <if test="birth != null" >
        #{birth,jdbcType=TIMESTAMP},
      </if>
      <if test="location != null" >
        #{location,jdbcType=VARCHAR},
      </if>
      <if test="introduction != null" >
        #{introduction,jdbcType=VARCHAR},
      </if>
    </trim>
  </insert>
  <update id="updateSingerMsg" parameterType="com.example.yin.domain.Singer" >
    <!--
      WARNING - @mbggenerated
      This element is automatically generated by MyBatis Generator, do not modify.
    -->
    update singer
    <set >
      <if test="name != null" >
        name = #{name,jdbcType=VARCHAR},
      </if>
      <if test="sex != null" >
        sex = #{sex,jdbcType=TINYINT},
      </if>
      <if test="pic != null" >
        pic = #{pic,jdbcType=VARCHAR},
      </if>
      <if test="birth != null" >
        birth = #{birth,jdbcType=TIMESTAMP},
      </if>
      <if test="location != null" >
        location = #{location,jdbcType=VARCHAR},
      </if>
      <if test="introduction != null" >
        introduction = #{introduction,jdbcType=VARCHAR},
      </if>
    </set>
    where id = #{id,jdbcType=INTEGER}
  </update>
  <update id="updateSingerPic" parameterType="com.example.yin.domain.Consumer" >
    update singer
    <set >
      <if test="pic != null" >
        pic = #{pic,jdbcType=VARCHAR},
      </if>
    </set>
    where id = #{id,jdbcType=INTEGER}
  </update>
  <update id="updateByPrimaryKey" parameterType="com.example.yin.domain.Singer" >
    <!--
      WARNING - @mbggenerated
      This element is automatically generated by MyBatis Generator, do not modify.
    -->
    update singer
    set name = #{name,jdbcType=VARCHAR},
      sex = #{sex,jdbcType=TINYINT},
      pic = #{pic,jdbcType=VARCHAR},
      birth = #{birth,jdbcType=TIMESTAMP},
      location = #{location,jdbcType=VARCHAR},
      introduction = #{introduction,jdbcType=VARCHAR}
    where id = #{id,jdbcType=INTEGER}
  </update>
</mapper>
